[{
  "_id": {
    "$oid": "643102430014f116a6432791"
  },
  "ticker": "DSKY",
  "name": "Детский Мир",
  "namee": [
    "DSKY",
    "Детский Мир",
    "Детский мир"
  ]
},
{
  "_id": {
    "$oid": "643102430014f116a6432792"
  },
  "ticker": "LSRG",
  "name": "ЛСР",
  "namee": [
    "LSRG",
    "ЛСР"
  ]
},
{
  "_id": {
    "$oid": "643102430014f116a6432793"
  },
  "ticker": "MGNT",
  "name": "Магнит",
  "namee": [
    "MGNT",
    "Магнит"
  ]
},
{
  "_id": {
    "$oid": "643102430014f116a6432794"
  },
  "ticker": "KMAZ",
  "name": "КАМАЗ",
  "namee": [
    "KMAZ",
    "КАМАЗ"
  ]
},
{
  "_id": {
    "$oid": "643102430014f116a6432795"
  },
  "ticker": "PHOR",
  "name": "ФосАгро",
  "namee": [
    "PHOR",
    "ФосАгро",
    "Фосагро"
  ]
},
{
  "_id": {
    "$oid": "643102430014f116a6432796"
  },
  "ticker": "TATNP",
  "name": "Татнефть",
  "namee": [
    "TATN",
    "Татнефть"
  ]
},
{
  "_id": {
    "$oid": "643102430014f116a6432797"
  },
  "ticker": "MAGN",
  "name": "ММК",
  "namee": [
    "MAGN",
    "ММК"
  ]
},
{
  "_id": {
    "$oid": "643102430014f116a6432798"
  },
  "ticker": "VTBR",
  "name": "ВТБ",
  "namee": [
    "VTBR",
    "ВТБ"
  ]
},
{
  "_id": {
    "$oid": "643102430014f116a6432799"
  },
  "ticker": "SMLT",
  "name": "Самолет",
  "namee": [
    "SMLT",
    "Самолет"
  ]
},
{
  "_id": {
    "$oid": "643102430014f116a643279a"
  },
  "ticker": "AFLT",
  "name": "Аэрофлот",
  "namee": [
    "AFLT",
    "Аэрофлот"
  ]
},
{
  "_id": {
    "$oid": "643102430014f116a643279b"
  },
  "ticker": "RUAL",
  "name": "РУСАЛ",
  "namee": [
    "RUAL",
    "РУСАЛ"
  ]
},
{
  "_id": {
    "$oid": "643102430014f116a643279c"
  },
  "ticker": "SBER",
  "name": "СберБанк, Сбер",
  "namee": [
    "SBER",
    "СберБанк",
    "Сбер",
    "Сбербанк"
  ]
},
{
  "_id": {
    "$oid": "643102430014f116a643279d"
  },
  "ticker": "MVID",
  "name": "М.видео, Мвидео",
  "namee": [
    "MVID",
    "М.видео",
    "Мвидео",
    "МВидео"
  ]
},
{
  "_id": {
    "$oid": "643102430014f116a643279e"
  },
  "ticker": "BANEP",
  "name": "Башнефть",
  "namee": [
    "BANEP",
    "Башнефть"
  ]
},
{
  "_id": {
    "$oid": "643102430014f116a643279f"
  },
  "ticker": "ALRS",
  "name": "АЛРОСА",
  "namee": [
    "ALRS",
    "АЛРОСА"
  ]
},
{
  "_id": {
    "$oid": "643102430014f116a64327a0"
  },
  "ticker": "FLOT",
  "name": "Совкомфлот",
  "namee": [
    "FLOT",
    "Совкомфлот"
  ]
},
{
  "_id": {
    "$oid": "643102430014f116a64327a1"
  },
  "ticker": "TATN",
  "name": "Татнефть",
  "namee": [
    "TATN",
    "Татнефть"
  ]
},
{
  "_id": {
    "$oid": "643102430014f116a64327a2"
  },
  "ticker": "MTLR",
  "name": "Мечел",
  "namee": [
    "MTLR",
    "Мечел"
  ]
},
{
  "_id": {
    "$oid": "643102430014f116a64327a3"
  },
  "ticker": "AKRN",
  "name": "Акрон",
  "namee": [
    "AKRN",
    "Акрон"
  ]
},
{
  "_id": {
    "$oid": "643102430014f116a64327a4"
  },
  "ticker": "GAZP",
  "name": "Газпром",
  "namee": [
    "GAZP",
    "Газпром"
  ]
},
{
  "_id": {
    "$oid": "643102430014f116a64327a5"
  },
  "ticker": "SBERP",
  "name": "СберБанк, Сбер",
  "namee": [
    "SBER",
    "СберБанк",
    "Сбер"
  ]
},
{
  "_id": {
    "$oid": "643102430014f116a64327a6"
  },
  "ticker": "RTKM",
  "name": "Ростелеком",
  "namee": [
    "RTKM",
    "Ростелеком"
  ]
},
{
  "_id": {
    "$oid": "643102430014f116a64327a7"
  },
  "ticker": "LENT",
  "name": "Лента",
  "namee": [
    "LENT",
    "Лента"
  ]
},
{
  "_id": {
    "$oid": "643102430014f116a64327a8"
  },
  "ticker": "BSPB",
  "name": "Банк Санкт-Петербург, БСПБ",
  "namee": [
    "BSPB",
    "Банк Санкт-Петербург",
    "БСПБ"
  ]
},
{
  "_id": {
    "$oid": "643102430014f116a64327a9"
  },
  "ticker": "MTSS",
  "name": "МТС",
  "namee": [
    "MTSS",
    "МТС"
  ]
},
{
  "_id": {
    "$oid": "643102430014f116a64327aa"
  },
  "ticker": "TRNFP",
  "name": "Транснефть",
  "namee": [
    "TRNF",
    "Транснефть"
  ]
},
{
  "_id": {
    "$oid": "643102430014f116a64327ab"
  },
  "ticker": "POSI",
  "name": "Positive",
  "namee": [
    "POSI",
    "Positive"
  ]
},
{
  "_id": {
    "$oid": "643102430014f116a64327ac"
  },
  "ticker": "FEES",
  "name": "Россети",
  "namee": [
    "FEES",
    "Россети"
  ]
},
{
  "_id": {
    "$oid": "643102430014f116a64327ad"
  },
  "ticker": "SIBN",
  "name": "Газпром нефть",
  "namee": [
    "SIBN",
    "Газпром нефть",
    "Газпромнефть"
  ]
},
{
  "_id": {
    "$oid": "643102430014f116a64327ae"
  },
  "ticker": "RNFT",
  "name": "РуссНефть",
  "namee": [
    "RNFT",
    "РуссНефть"
  ]
},
{
  "_id": {
    "$oid": "643102430014f116a64327af"
  },
  "ticker": "IRAO",
  "name": "Интер РАО ",
  "namee": [
    "IRAO",
    "Интер РАО"
  ]
},
{
  "_id": {
    "$oid": "643102430014f116a64327b0"
  },
  "ticker": "HYDR",
  "name": "РусГидро",
  "namee": [
    "HYDR",
    "РусГидро"
  ]
},
{
  "_id": {
    "$oid": "643102430014f116a64327b1"
  },
  "ticker": "NLMK",
  "name": "НЛМК",
  "namee": [
    "NLMK",
    "НЛМК"
  ]
},
{
  "_id": {
    "$oid": "643102430014f116a64327b2"
  },
  "ticker": "BELU",
  "name": "Белуга",
  "namee": [
    "BELU",
    "Белуга"
  ]
},
{
  "_id": {
    "$oid": "643102430014f116a64327b3"
  },
  "ticker": "SNGSP",
  "name": "Сургутнефтегаз ",
  "namee": [
    "SNGSP",
    "Сургутнефтегаз"
  ]
},
{
  "_id": {
    "$oid": "643102430014f116a64327b4"
  },
  "ticker": "FESH",
  "name": "ДВМП",
  "namee": [
    "FESH",
    "ДВМП"
  ]
},
{
  "_id": {
    "$oid": "643102430014f116a64327b5"
  },
  "ticker": "RASP",
  "name": "Распадская",
  "namee": [
    "RASP",
    "Распадская"
  ]
},
{
  "_id": {
    "$oid": "643102430014f116a64327b6"
  },
  "ticker": "NVTK",
  "name": "НОВАТЭК",
  "namee": [
    "NVTK",
    "НОВАТЭК"
  ]
},
{
  "_id": {
    "$oid": "643102430014f116a64327b7"
  },
  "ticker": "AQUA",
  "name": "ИНАРКТИКА",
  "namee": [
    "AQUA",
    "ИНАРКТИКА"
  ]
},
{
  "_id": {
    "$oid": "643102430014f116a64327b8"
  },
  "ticker": "SGZH",
  "name": "Сегежа",
  "namee": [
    "SGZH",
    "Сегежа"
  ]
},
{
  "_id": {
    "$oid": "643102430014f116a64327b9"
  },
  "ticker": "GMKN",
  "name": "Норильский никель, НОРНИКЕль",
  "namee": [
    "GMKN",
    "Норильский никель",
    "НОРНИКЕль"
  ]
},
{
  "_id": {
    "$oid": "643102430014f116a64327ba"
  },
  "ticker": "MOEX",
  "name": "Московская Биржа, Мосбиржа",
  "namee": [
    "MOEX",
    "Московская Биржа",
    "Мосбиржа"
  ]
},
{
  "_id": {
    "$oid": "643102430014f116a64327bb"
  },
  "ticker": "UPRO",
  "name": "Юнипро",
  "namee": [
    "UPRO",
    "Юнипро"
  ]
},
{
  "_id": {
    "$oid": "643102430014f116a64327bc"
  },
  "ticker": "AFKS",
  "name": "АФК Система",
  "namee": [
    "AFKS",
    "АФК Система"
  ]
},
{
  "_id": {
    "$oid": "643102430014f116a64327bd"
  },
  "ticker": "PLZL",
  "name": "Полюс",
  "namee": [
    "PLZL",
    "Полюс"
  ]
},
{
  "_id": {
    "$oid": "643102430014f116a64327be"
  },
  "ticker": "LKOH",
  "name": "ЛУКОЙЛ",
  "namee": [
    "LKOH",
    "ЛУКОЙЛ"
  ]
},
{
  "_id": {
    "$oid": "643102430014f116a64327bf"
  },
  "ticker": "OGKB",
  "name": "Вторая генерирующая компания оптового рынка электроэнергии",
  "namee": [
    "OGKB",
    "Вторая генерирующая компания оптового рынка электроэнергии"
  ]
},
{
  "_id": {
    "$oid": "643102430014f116a64327c0"
  },
  "ticker": "TGKA",
  "name": "ТГК-1",
  "namee": [
    "TGKA",
    "ТГК-1"
  ]
},
{
  "_id": {
    "$oid": "643102430014f116a64327c1"
  },
  "ticker": "SNGS",
  "name": "Сургутнефтегаз, Сургут",
  "namee": [
    "SNGS",
    "Сургутнефтегаз",
    "Сургут"
  ]
},
{
  "_id": {
    "$oid": "643102430014f116a64327c2"
  },
  "ticker": "CBOM",
  "name": "МКБ",
  "namee": [
    "CBOM",
    "МКБ"
  ]
},
{
  "_id": {
    "$oid": "643102430014f116a64327c3"
  },
  "ticker": "PIKK",
  "name": "ПИК",
  "namee": [
    "PIKK",
    "ПИК"
  ]
},
{
  "_id": {
    "$oid": "643102430014f116a64327c4"
  },
  "ticker": "ROSN",
  "name": "Роснефть",
  "namee": [
    "ROSN",
    "Роснефть"
  ]
},
{
  "_id": {
    "$oid": "643102430014f116a64327c5"
  },
  "ticker": "MTLRP",
  "name": "Мечел",
  "namee": [
    "MTLRP",
    "Мечел"
  ]
},
{
  "_id": {
    "$oid": "643102430014f116a64327c6"
  },
  "ticker": "TRMK",
  "name": "ТМК",
  "namee": [
    "TRMK",
    "ТМК"
  ]
},
{
  "_id": {
    "$oid": "643102430014f116a64327c7"
  },
  "ticker": "CHMF",
  "name": "Северсталь",
  "namee": [
    "CHMF",
    "Северсталь"
  ]
},
{
  "_id": {
    "$oid": "643102430014f116a64327c8"
  },
  "ticker": "ISKJ",
  "name": "ИСКЧ",
  "namee": [
    "ISKJ",
    "ИСКЧ"
  ]
},
{
  "_id": {
    "$oid": "643102430014f116a64327c9"
  },
  "ticker": "SU26238RMFS4",
  "name": "ОФЗ 26238",
  "namee": [
    "SU26238RMFS4",
    "ОФЗ 26238"
  ]
},
{
  "_id": {
    "$oid": "643102430014f116a64327ca"
  },
  "ticker": "YNM3",
  "name": "Яндекс",
  "namee": [
    "YNM3",
    "Яндекс"
  ]
},
{
  "_id": {
    "$oid": "643102430014f116a64327cb"
  },
  "ticker": "RIM3",
  "name": "РТС",
  "namee": [
    "RIM3",
    "РТС"
  ]
},
{
  "_id": {
    "$oid": "643102430014f116a64327cc"
  },
  "ticker": "GZM3",
  "name": "Газпром",
  "namee": [
    "GZM3",
    "Газпром"
  ]
},
{
  "_id": {
    "$oid": "643102430014f116a64327cd"
  },
  "ticker": "SNM3",
  "name": "Сургутнефтегаз, Сургут",
  "namee": [
    "SNM3",
    "Сургутнефтегаз",
    "Сургут"
  ]
},
{
  "_id": {
    "$oid": "643102430014f116a64327ce"
  },
  "ticker": "MXM3",
  "name": "Индекс МосБиржи, ММВБ",
  "namee": [
    "MXM3",
    "Индекс МосБиржи",
    "ММВБ"
  ]
},
{
  "_id": {
    "$oid": "643102430014f116a64327cf"
  },
  "ticker": "RNM3",
  "name": "Роснефть",
  "namee": [
    "RNM3",
    "Роснефть"
  ]
},
{
  "_id": {
    "$oid": "643102430014f116a64327d0"
  },
  "ticker": "SFM3",
  "name": "S&P",
  "namee": [
    "SFM3",
    "S&P"
  ]
},
{
  "_id": {
    "$oid": "643102430014f116a64327d1"
  },
  "ticker": "GDM3",
  "name": "Золото",
  "namee": [
    "GDM3",
    "Золото"
  ]
},
{
  "_id": {
    "$oid": "643102430014f116a64327d2"
  },
  "ticker": "GKM3",
  "name": "Норильский никель, НОРНИКЕль",
  "namee": [
    "GKM3",
    "Норильский никель",
    "НОРНИКЕль"
  ]
},
{
  "_id": {
    "$oid": "643102430014f116a64327d3"
  },
  "ticker": "NAM3",
  "name": "Nasdaq",
  "namee": [
    "NAM3",
    "Nasdaq"
  ]
},
{
  "_id": {
    "$oid": "643102430014f116a64327d4"
  },
  "ticker": "LKM3",
  "name": "Лукойл",
  "namee": [
    "LKM3",
    "Лукойл"
  ]
},
{
  "_id": {
    "$oid": "643102430014f116a64327d5"
  },
  "ticker": "EDM3",
  "name": "Евро, доллар",
  "namee": [
    "евродоллар",
    "EDM3",
    "доллар",
    "Евро",
    "евробакс"
  ]
},
{
  "_id": {
    "$oid": "643102430014f116a64327d6"
  },
  "ticker": "NKM3",
  "name": "Новатэк",
  "namee": [
    "NKM3",
    "Новатэк"
  ]
},
{
  "_id": {
    "$oid": "643102430014f116a64327d7"
  },
  "ticker": "RMM3",
  "name": "RTSM-6.23 Индекс РТС (мини)",
  "namee": [
    "RMM3",
    "RTSM-6.23 Индекс РТС (мини)"
  ]
},
{
  "_id": {
    "$oid": "643102430014f116a64327d8"
  },
  "ticker": "SRM3",
  "name": "SBRF-6.23 Сбер Банк (обыкновенные)",
  "namee": [
    "SRM3",
    "SBRF-6.23 Сбер Банк (обыкновенные)"
  ]
},
{
  "_id": {
    "$oid": "643102430014f116a64327d9"
  },
  "ticker": "NGJ3",
  "name": "газ",
  "namee": [
    "NGJ3"
  ]
},
{
  "_id": {
    "$oid": "643102430014f116a64327da"
  },
  "ticker": "VBM3",
  "name": "ВТБ",
  "namee": [
    "VBM3",
    "ВТБ"
  ]
},
{
  "_id": {
    "$oid": "643102430014f116a64327db"
  },
  "ticker": "EuM3",
  "name": "Евро , рубль",
  "namee": [
    "Евро",
    "EuM3"
  ]
},
{
  "_id": {
    "$oid": "643102430014f116a64327dc"
  },
  "ticker": "POM3",
  "name": "Polymetal, Полиметалл",
  "namee": [
    "POM3",
    "Polymetal",
    "Полиметалл"
  ]
},
{
  "_id": {
    "$oid": "643102430014f116a64327dd"
  },
  "ticker": "TTM3",
  "name": "Татнефть",
  "namee": [
    "TTM3",
    "Татнефть"
  ]
},
{
  "_id": {
    "$oid": "643102430014f116a64327de"
  },
  "ticker": "PZM3",
  "name": "Полюс",
  "namee": [
    "PZM3",
    "Полюс"
  ]
},
{
  "_id": {
    "$oid": "643102430014f116a64327df"
  },
  "ticker": "NMM3",
  "name": "НЛМК",
  "namee": [
    "NMM3",
    "НЛМК"
  ]
},
{
  "_id": {
    "$oid": "643102430014f116a64327e0"
  },
  "ticker": "SiM3",
  "name": "Доллар, рубль",
  "namee": [
    "сипи",
    "Доллар",
    "SiM3"
  ]
},
{
  "_id": {
    "$oid": "643102430014f116a64327e1"
  },
  "ticker": "CRM3",
  "name": "Юань , Рубль",
  "namee": [
    "CRM3",
    "Юань"
  ]
},
{
  "_id": {
    "$oid": "643102430014f116a64327e2"
  },
  "ticker": "FVM3",
  "name": "X5",
  "namee": [
    "FVM3",
    "X5"
  ]
},
{
  "_id": {
    "$oid": "643102430014f116a64327e3"
  },
  "ticker": "BRK3",
  "name": "Нефть Brent",
  "namee": [
    "brent",
    "BRK3"
  ]
},
{
  "_id": {
    "$oid": "643102430014f116a64327e4"
  },
  "ticker": "CHM3",
  "name": "Северсталь",
  "namee": [
    "CHM3",
    "Северсталь"
  ]
},
{
  "_id": {
    "$oid": "643102430014f116a64327e5"
  },
  "ticker": "MEM3",
  "name": "Московская биржа",
  "namee": [
    "MEM3",
    "Московская биржа"
  ]
},
{
  "_id": {
    "$oid": "643102430014f116a64327e6"
  },
  "ticker": "OZM3",
  "name": "Озон",
  "namee": [
    "OZON",
    "Озон",
    "OZM3"
  ]
},
{
  "_id": {
    "$oid": "643102430014f116a64327e7"
  },
  "ticker": "MGM3",
  "name": "ММК",
  "namee": [
    "MGM3",
    "ММК"
  ]
},
{
  "_id": {
    "$oid": "643102430014f116a64327e8"
  },
  "ticker": "MNM3",
  "name": "Магнит",
  "namee": [
    "MNM3",
    "Магнит"
  ]
},
{
  "_id": {
    "$oid": "643102430014f116a64327e9"
  },
  "ticker": "ALM3",
  "name": "АЛРОСА",
  "namee": [
    "ALM3",
    "АЛРОСА"
  ]
}]