[{
  "_id": {
    "$oid": "643227e203149b96852e9188"
  },
  "tg_id": {
    "$numberLong": "-1001471493746"
  },
  "is_active": 1,
  "title": "Alfa Wealth",
  "username": "alfawealth",
  "description": "Под управлением Альфа-Капитал более 600 млрд рублей. Мы каждый день решаем, куда будут инвестированы эти деньги.\n\nАлексей: @alfawealth_team\nЗапись на встречу: https://calendly.com/alfacapital/meet\nДисклеймер: https://t.me/alfawealth/527",
  "members_count": 92461,
  "count": 1465,
  "import_empty": true,
  "tags": [],
  "out_id": 1
},
{
  "_id": {
    "$oid": "643227e303149b96852e9189"
  },
  "tg_id": {
    "$numberLong": "-1001418181070"
  },
  "is_active": 1,
  "title": "Альфа-Инвестиции",
  "username": "alfa_investments",
  "description": "Официальный канал Альфа-Инвестиций с инвестидеями, прогнозами и советами, как управлять портфелем.\n\nДисклеймер: https://alfa.me/4oBP4j",
  "members_count": 172497,
  "count": 4190,
  "import_empty": true,
  "tags": [
    "analytics"
  ],
  "out_id": 2,
  "keywords": [
    "#что купить",
    "аналитики",
    "🅰️"
  ]
},
{
  "_id": {
    "$oid": "643227e403149b96852e918a"
  },
  "tg_id": {
    "$numberLong": "-1001155110616"
  },
  "is_active": 1,
  "title": "Акулы трейдинга",
  "username": "Sharqtradein",
  "description": "Торговый канал по индексам SP500, NASDAQ, DAX!",
  "members_count": 839,
  "count": 663,
  "import_empty": true,
  "tags": [],
  "out_id": 3
},
{
  "_id": {
    "$oid": "643227e503149b96852e918b"
  },
  "tg_id": {
    "$numberLong": "-1001262053008"
  },
  "is_active": 1,
  "title": "Altora Fundamental / Разумные инвестиции",
  "username": "altorafund",
  "description": "Не изменяя своим идеалам и заданной стратегии, я абсолютно убеждён, что использование методологии определения внутренней стоимости компании является наиболее эффективным способом для   получения прибыли на финансовых рынках. CONTACT: altorafund@gmail.com",
  "members_count": 1150,
  "count": 1929,
  "import_empty": true,
  "tags": [],
  "out_id": 4
},
{
  "_id": {
    "$oid": "643227ee03149b96852e918d"
  },
  "tg_id": {
    "$numberLong": "-1001231496859"
  },
  "is_active": 1,
  "title": "ProfitGate - экономика, трейдинг, инвестиции, новости.",
  "username": "ProfitGate",
  "description": "Экономика, трейдинг, инвестирование. \n\nПо всем вопросам исключительно:\n\nTelegram - @Krechetov_profitgate\n\nМейл - profitgate@list.ru\n\nНаш закрытый платный канал - @SubProfitGateBot\n\nДругие контакты и адреса являются мошенниками и не представляют этот канал",
  "members_count": 88901,
  "count": 11645,
  "import_empty": true,
  "tags": [],
  "out_id": 5
},
{
  "_id": {
    "$oid": "643227ef03149b96852e918e"
  },
  "tg_id": {
    "$numberLong": "-1001063908560"
  },
  "is_active": 1,
  "title": "СМАРТЛАБ",
  "username": "smartlabnews",
  "description": "Самые интересные и полезные материалы с сайта smart-lab.ru! \n\nЧитайте, чтобы не упустить важное!\n\nНаш канал о новостях фондового рынка: https://t.me/newssmartlab\n\nПо всем вопросам @prsmartlab\n\nКонтент не является инвестиционной рекомендацией!",
  "members_count": 75548,
  "count": 9916,
  "import_empty": true,
  "tags": [],
  "out_id": 6
},
{
  "_id": {
    "$oid": "643227f803149b96852e9190"
  },
  "tg_id": {
    "$numberLong": "-1001565800335"
  },
  "is_active": 1,
  "title": "TAUREN ИНВЕСТИЦИИ 🔍",
  "username": "taurenin",
  "description": "Умный канал об инвестициях:\n💡 идеи для инвестирования\n🎯 обзоры компаний\n\nЗдесь публикуются только мнения и точки зрения, без рекомендаций.\n\nАвтор (по всем вопросам): @tauren_smart",
  "members_count": 57996,
  "count": 1111,
  "import_empty": true,
  "tags": [],
  "out_id": 7
},
{
  "_id": {
    "$oid": "643227fa03149b96852e9191"
  },
  "tg_id": {
    "$numberLong": "-1001138179385"
  },
  "is_active": 1,
  "title": "ФИНАНСОВЫЕ ДУМКИ",
  "username": "MarketDumki",
  "description": "Авторский канал о финансовых рынках и мировой экономике, об инвестициях и трейдинге\n\nобратная связь @Fdumki \n marketdumki@gmail.com\n\n@privatedum_bot - Бот для подписки в приватный канал \"Еще больше Думок\". Больше постов, торговых идей и обсуждение в чате",
  "members_count": 63725,
  "count": 3329,
  "import_empty": true,
  "tags": [],
  "out_id": 8
},
{
  "_id": {
    "$oid": "643227fb03149b96852e9192"
  },
  "tg_id": {
    "$numberLong": "-1001298248713"
  },
  "is_active": 1,
  "title": "Mozgovik Research",
  "username": "mozgovikresearch",
  "description": "Исследования и прогнозы по финансовым рынкам.",
  "members_count": 6358,
  "count": 1216,
  "import_empty": true,
  "tags": [],
  "out_id": 9
},
{
  "_id": {
    "$oid": "6432280203149b96852e9193"
  },
  "tg_id": {
    "$numberLong": "-1001190427496"
  },
  "is_active": 1,
  "title": "ProFinance.Ru",
  "username": "marketsnapshot",
  "description": "Market Snapshot - онлайн сервис сообщений о достигнутых ценовых уровнях.\nГрафики и котировки https://pfs.ms",
  "members_count": 45161,
  "count": 22861,
  "import_empty": false,
  "tags": [],
  "out_id": 10
},
{
  "_id": {
    "$oid": "6432280303149b96852e9194"
  },
  "tg_id": {
    "$numberLong": "-1001197210433"
  },
  "is_active": 1,
  "title": "Сигналы РЦБ",
  "username": "cbrstocks",
  "description": "Инфоаналитика для трейдеров и инвесторов.\n\nРеклама и продвижение: @signals_pr\n\nАдмин чата: @cbr_support\n\n❗️ Шпион за всеми стаканами на Мосбирже: @StockSpy_bot",
  "members_count": 110213,
  "count": 52395,
  "import_empty": false,
  "tags": [
    "urgent"
  ],
  "out_id": 11
},
{
  "_id": {
    "$oid": "6432280503149b96852e9195"
  },
  "tg_id": {
    "$numberLong": "-1001041482399"
  },
  "is_active": 1,
  "title": "ДОХОДЪ",
  "username": "dohod",
  "description": "Управляющие и аналитики УК ДОХОДЪ\n\nОтбор облигаций: https://www.dohod.ru/analytic/bonds\nДивиденды: https://www.dohod.ru/ik/analytics/dividend\n\nЧат: @dohod_invest_talks\n\nНе размещаем рекламу!\nСвязь: @Vsevolod_Lobov",
  "members_count": 75821,
  "count": 11243,
  "import_empty": true,
  "tags": [],
  "out_id": 12
},
{
  "_id": {
    "$oid": "6432280e03149b96852e9197"
  },
  "tg_id": {
    "$numberLong": "-1001075101206"
  },
  "is_active": 1,
  "title": "РынкиДеньгиВласть | РДВ",
  "username": "AK47pfl",
  "description": "🔝 аналитика по российскому рынку ценных бумаг, которая ранее была доступна лишь финансовым элитам. Впереди брокеров и банков.\n\nЧат: @AK47PFLCHAT\n\nСтратегические вопросы: @dragonwoo\n\nРеклама: @arina_promo\n\nСервис для инвесторов и трейдеров @RDVPREMIUMbot",
  "members_count": 152831,
  "count": 15605,
  "import_empty": false,
  "tags": [],
  "out_id": 13
},
{
  "_id": {
    "$oid": "6432280f03149b96852e9198"
  },
  "tg_id": {
    "$numberLong": "-1001197296889"
  },
  "is_active": 1,
  "title": "ЗЛОЙ ФИНАНСИСТ 😡",
  "username": "finpizdec",
  "description": "Ёбаный рот этого казино блять\n\n👉 @paper_hands\n\n👉 finpizdec.com 👈 если нравится ЗФ, донаты сюда",
  "members_count": 55871,
  "count": 18436,
  "import_empty": true,
  "tags": [],
  "out_id": 14
},
{
  "_id": {
    "$oid": "6432281003149b96852e9199"
  },
  "tg_id": {
    "$numberLong": "-1001459783899"
  },
  "is_active": 1,
  "title": "НЕФТЬ",
  "username": "Brent_Crude_Oil",
  "description": "Торговый канал для трейдеров и инвесторов.\n @Success0372\n\nАктивная ссылка—https://t.me/+4pAUso1AFVg5NjYy",
  "members_count": 17113,
  "count": 3337,
  "import_empty": true,
  "tags": [],
  "out_id": 15
},
{
  "_id": {
    "$oid": "6432281103149b96852e919a"
  },
  "tg_id": {
    "$numberLong": "-1001392080814"
  },
  "is_active": 1,
  "title": "Твердые цифры",
  "username": "xtxixty",
  "description": "Источник: Твердые цифры.\n\nhttps://t.me/xtxixty",
  "members_count": 8890,
  "count": 3675,
  "import_empty": true,
  "tags": [],
  "out_id": 16
},
{
  "_id": {
    "$oid": "6432281b03149b96852e919c"
  },
  "tg_id": {
    "$numberLong": "-1001446378937"
  },
  "is_active": 1,
  "title": "Юрий Иващенко",
  "username": "yivashchenko",
  "description": "Авторский канал Юрия Иващенко про активные инвестиции и макро\n\nАкции, фьючерсы, опционы, крипто\n\nПо всем вопросам 👉\nyv.ivashchenko@yahoo.com\n\nРекламу не продаю",
  "members_count": 37953,
  "count": 1691,
  "import_empty": true,
  "tags": [],
  "out_id": 17
},
{
  "_id": {
    "$oid": "6432281c03149b96852e919d"
  },
  "tg_id": {
    "$numberLong": "-1001408960847"
  },
  "is_active": 1,
  "title": "Stock News",
  "username": "StockNews100",
  "description": "Поддержать нас. Донат:\n4274320051587007 Сбер \n\n2202206165679205 Сбер \n\nДля обратной связи: @Magomed_95",
  "members_count": 26499,
  "count": 61335,
  "import_empty": false,
  "tags": [],
  "out_id": 18
},
{
  "_id": {
    "$oid": "6432282503149b96852e919f"
  },
  "tg_id": {
    "$numberLong": "-1001300011741"
  },
  "is_active": 1,
  "title": "Finam Alert",
  "username": "finamalert",
  "description": "Finam Alert (Инвестиционный брокер \"Финам\") – это рыночные сигналы, идеи, торговые прогнозы, обзор IPO (российская и зарубежные биржи). Не являются индивидуальными инвестиционными рекомендациями! \n@EducationFinam_bot - учиться стало проще!",
  "members_count": 81053,
  "count": 18025,
  "import_empty": true,
  "tags": [
    "analytics"
  ],
  "out_id": 19,
  "keywords": [
    "не является индивидуальной",
    "Тикер"
  ]
},
{
  "_id": {
    "$oid": "6432282603149b96852e91a0"
  },
  "tg_id": {
    "$numberLong": "-1001307303315"
  },
  "is_active": 1,
  "title": "Investing.com",
  "username": "ruinvestingcom",
  "description": "✅ Официальный канал ru.Investing.com. Котировки и графики в режиме реального времени, новости и аналитика, экономический календарь и уведомления.\n\nvk.com/investingcom\nhttps://zen.yandex.ru/ru.investing.com\nПоддержка:  https://goo.gl/Na178n",
  "members_count": 17237,
  "count": 25778,
  "import_empty": false,
  "tags": [],
  "out_id": 20
},
{
  "_id": {
    "$oid": "6432282703149b96852e91a1"
  },
  "tg_id": {
    "$numberLong": "-1001203560567"
  },
  "is_active": 1,
  "title": "MarketTwits",
  "username": "markettwits",
  "description": "Вся информация на канале не является рекомендацией\n\nсвязь - @MarketTwits_info \nсвязь - info.markettwits@gmail.com\nVK - https://vk.com/id635239814\n\nканал сам никогда и нигде не рекламируется и никогда сам не предлагает разместить у него рекламу",
  "members_count": 227610,
  "count": 259229,
  "import_empty": false,
  "tags": [
    "urgent"
  ],
  "out_id": 21
},
{
  "_id": {
    "$oid": "6432283003149b96852e91a2"
  },
  "tg_id": {
    "$numberLong": "-1001394050290"
  },
  "is_active": 0,
  "title": "Раньше всех. Ну почти.",
  "username": "bbbreaking",
  "description": "Для предложений: rvnp@protonmail.ch (письма с доменов mail.ru - не приходят)",
  "members_count": 1417604,
  "count": 153321,
  "import_empty": false,
  "tags": [],
  "out_id": 22
},
{
  "_id": {
    "$oid": "6432283203149b96852e91a3"
  },
  "tg_id": -1498564557,
  "is_active": 1,
  "title": "РУССКИЙ БАФФЕТТ",
  "username": "Rusbafet_vip",
  "description": "ВСЕ ИДЕИ НЕ ЯВЛЯЮТСЯ ИИР !\n\nMMВБ + ФОРЕКС + КРИПТОВАЛЮТА + ИНВЕСТИЦИИ 📉\n\nССЫЛКА ДЛЯ ДРУЗЕЙ:\nhttps://t.me/+SBdXOlsqlBY0OTIy\n\nРЕКЛАМА И ВП 👇\n@Tat_8_taT\n@KaterinaY777\n\n\nVIP ГРУППА (Закрытый Клуб) 👇\n@Rusbafet777\n\n🔥 ОТЗЫВЫ  - https://t.me/+FIRHt_V3zoozYjEy",
  "members_count": 31968,
  "count": 4250,
  "import_empty": true,
  "tags": [],
  "out_id": 22
},
{
  "_id": {
    "$oid": "6432283303149b96852e91a4"
  },
  "tg_id": {
    "$numberLong": "-1001107922757"
  },
  "is_active": 1,
  "title": "MMI",
  "username": "russianmacro",
  "description": "Анализ российской и мировой макростатистики и корпоративных отчётностей. Ключевые новости с финансовых рынков.\n\nОбратная связь:\n@russianmacrommi , russianmacro@gmail.com\n\nЧАТ: @russianmacro2020",
  "members_count": 110239,
  "count": 16527,
  "import_empty": true,
  "tags": [],
  "out_id": 23
},
{
  "_id": {
    "$oid": "6432283b03149b96852e91a5"
  },
  "tg_id": {
    "$numberLong": "-1001199979298"
  },
  "is_active": 1,
  "title": "bitkogan",
  "username": "bitkogan",
  "description": "Авторский канал Евгения Когана\nО деньгах и всем, что с ними связано\n\nНовости @bitkogan_hotline\nФин ЗОЖ @bitkogan_prosto\n\nЕвгений @askbitkogan\nРеклама @ketkos\nКонсалтинг @bitkogans\nУчастие в мероприятиях @kseniafff\n\nВсе проекты https://taplink.cc/bitkogan",
  "members_count": 290285,
  "count": 21616,
  "import_empty": true,
  "tags": [],
  "out_id": 24
},
{
  "_id": {
    "$oid": "6432283d03149b96852e91a6"
  },
  "tg_id": {
    "$numberLong": "-1001215658351"
  },
  "is_active": 1,
  "title": "ПСБ Аналитика",
  "username": "macroresearch",
  "description": "Финансовые рынки, рубль, доллар, евро, акции, золото, нефть, инвестиционные идеи, ставки и банки, макроэкономика!\n#rsteam",
  "members_count": 7189,
  "count": 8038,
  "import_empty": true,
  "tags": [
    "analytics"
  ],
  "out_id": 25,
  "keywords": [
    "рекоменд",
    "целевая",
    "цель"
  ]
},
{
  "_id": {
    "$oid": "6432283f03149b96852e91a7"
  },
  "tg_id": {
    "$numberLong": "-1001557052991"
  },
  "is_active": 1,
  "title": "bitkogan⚡️HOTLINE",
  "username": "bitkogan_hotline",
  "description": "Рынки: самое важное в паре абзацев. Что происходит и как этим воспользоваться? Говорит и показывает команда аналитиков Евгения Когана @bitkogan.\n\nРеклама – @ketkos\nПоделиться прекрасным – @HOTLINE_connect\nДругие вопросы – @askbitkogan",
  "members_count": 71020,
  "count": 11811,
  "import_empty": true,
  "tags": [],
  "out_id": 26
},
{
  "_id": {
    "$oid": "6432284003149b96852e91a8"
  },
  "tg_id": {
    "$numberLong": "-1001360201623"
  },
  "is_active": 1,
  "title": "usertrader",
  "username": "usertrader3",
  "description": "Инвестиции и спекуляции. Акции, валюты, облигации, крипта - всё, что растет, падает и... Приносит деньги!\nдля связи @userTrader",
  "members_count": 18138,
  "count": 11405,
  "import_empty": true,
  "tags": [],
  "out_id": 27
},
{
  "_id": {
    "$oid": "6432284703149b96852e91aa"
  },
  "tg_id": {
    "$numberLong": "-1001188379274"
  },
  "is_active": 1,
  "title": "БонДовик",
  "username": "bondovik",
  "description": "▪️Независимый канал профессионального трейдера на глобальном долговом рынке\n▪️Контакт по управлению бондами: bondovik@yandex.ru\n▪️Реклама: @bondhelp\n▪️Основание канала: 07.11.2017\n▪️Disclaimer @disclaimer_bondovik",
  "members_count": 24268,
  "count": 2537,
  "import_empty": true,
  "tags": [],
  "out_id": 28
},
{
  "_id": {
    "$oid": "6432284803149b96852e91ab"
  },
  "tg_id": {
    "$numberLong": "-1001083086642"
  },
  "is_active": 1,
  "title": "БКС Инвестидеи",
  "username": "bcsinvestidea",
  "description": "Канал с инвестидеями, отобранными экспертами. БКС — финансовая группа с 27-летней историей, многолетний лидер Московской биржи по объему торгов. \n\n📱 Мобильное приложение: https://s.bcs.ru/Jpwl \n\n✉️ Для связи: @dnslllrnv",
  "members_count": 11792,
  "count": 1192,
  "import_empty": true,
  "tags": [
    "analytics"
  ],
  "out_id": 29
},
{
  "_id": {
    "$oid": "64322b60cefac6c28652afe7"
  },
  "tg_id": {
    "$numberLong": "-1001656693918"
  },
  "is_active": 1,
  "title": "ProfitGateClub",
  "username": "ProfitGateClub",
  "description": "",
  "members_count": 3377,
  "count": 1645,
  "import_empty": true,
  "tags": [
    "urgent"
  ],
  "out_id": 30
},
{
  "_id": {
    "$oid": "643795194c301fa7087f1e3a"
  },
  "tg_id": {
    "$numberLong": "-1001444247254"
  },
  "is_active": 1,
  "title": "Биржевой Маклер",
  "username": "investarter",
  "description": "Рыночная философия. Блог о фондовых биржах и экономике. Наблюдаем, подмечаем, делимся опытом\n\n@KawaBangalore по всем вопросам",
  "members_count": 6913,
  "count": 1512,
  "tags": [],
  "out_id": 31
},
{
  "_id": {
    "$oid": "6437951a4c301fa7087f1e3b"
  },
  "tg_id": {
    "$numberLong": "-1001401088738"
  },
  "is_active": 1,
  "title": "Ars@gera. Инвестиции и управление капиталом",
  "username": "arsageranews",
  "description": "Ваш путеводитель в мире инвестиций. Аналитика по эмитентам, обзор торгов на рынке акций, советы по инвестированию. Реклама на канале не размещается. По вопросам сотрудничества: @Nastaki",
  "members_count": 5691,
  "count": 2046,
  "tags": [],
  "out_id": 32
},
{
  "_id": {
    "$oid": "6437951c4c301fa7087f1e3c"
  },
  "tg_id": {
    "$numberLong": "-1001344892461"
  },
  "is_active": 1,
  "title": "TruEcon",
  "username": "truecon",
  "description": "Егор Сусин. Мысли об экономике, процессах, финансовых рынках. Экономика  вошла в цикл большой трансформации, пересматриваются монетарные и фискальные подходы, меняются взаимосвязи. Цель канала разобраться в этих процессах, понять их без штампов @ug_fx",
  "members_count": 18199,
  "count": 2984,
  "tags": [],
  "out_id": 33
},
{
  "_id": {
    "$oid": "6437951e4c301fa7087f1e3d"
  },
  "tg_id": {
    "$numberLong": "-1001480181440"
  },
  "is_active": 1,
  "title": "IF Stocks",
  "username": "if_stocks",
  "description": "Аналитика от команды InvestFuture\n\nОбразовательная платформа IF+: clck.ru/XxLr7\n\nДругие площадки: taplink.cc/investfuture.ru\n\nКомьюнити и разбан: @community_if\n\nРеклама: @Anna_KuznetsovaV\n\nВзаимные пиары: @lunnarimone",
  "members_count": 101492,
  "count": 5791,
  "tags": [],
  "out_id": 34
},
{
  "_id": {
    "$oid": "643795264c301fa7087f1e3e"
  },
  "tg_id": {
    "$numberLong": "-1001264546265"
  },
  "is_active": 1,
  "title": "Долгосрочные инвестиции",
  "username": "ltrinvestment",
  "description": "Канал Вячеслава Бердникова, CFA об инвестициях и управлении личными финансами📚\n\nПо вопросам @slavikyes",
  "members_count": 4914,
  "count": 1378,
  "tags": [],
  "out_id": 35
},
{
  "_id": {
    "$oid": "643795274c301fa7087f1e3f"
  },
  "tg_id": {
    "$numberLong": "-1001241408755"
  },
  "is_active": 1,
  "title": "Олег Кузьмичев",
  "username": "kuzmlab",
  "description": "Блог частного инвестора с научным подходом. к.т.н., инженер\nСвязь со мной: @kuzmichev_oleg\n\nПрофиль в Пульсе: https://www.tinkoff.ru/invest/social/profile/Kuzmichev_Oleg/?utm_source=share",
  "members_count": 6782,
  "count": 6002,
  "tags": [],
  "out_id": 36
},
{
  "_id": {
    "$oid": "643795284c301fa7087f1e40"
  },
  "tg_id": {
    "$numberLong": "-1001239405989"
  },
  "is_active": 1,
  "title": "СберИнвестиции",
  "username": "SberInvestments",
  "description": "Канал СберИнвестиции, в котором мы рассказываем о новостях на рынках, инвестиционных прогнозах, инструментах и лайфхаках для начинающих и опытных инвесторов.\n \nКомментарии и пожелания по каналу: @sberinvbot\n \nДисклеймер: sberbank.ru/sms/tdiscl.pdf",
  "members_count": 213665,
  "count": 5739,
  "tags": [
    "analytics"
  ],
  "out_id": 37,
  "keywords": [
    "#подборки",
    "#акции",
    "#Investment Research"
  ]
},
{
  "_id": {
    "$oid": "643795304c301fa7087f1e42"
  },
  "tg_id": {
    "$numberLong": "-1001036678461"
  },
  "is_active": 1,
  "title": "АЛОР БРОКЕР",
  "username": "alorbroker",
  "description": "Главные новости финансового мира. Официальный канал АЛОР БРОКЕР.\n\nЧат поддержки: @alor_broker\n\nПредставленные на канале материалы не являются инвестиционной рекомендацией, в том числе индивидуальной.",
  "members_count": 4452,
  "count": 3040,
  "tags": [
    "analytics"
  ],
  "out_id": 38
},
{
  "_id": {
    "$oid": "643795324c301fa7087f1e43"
  },
  "tg_id": {
    "$numberLong": "-1001269973980"
  },
  "is_active": 1,
  "title": "Станислав Станишевский | Трейдинг и Инвестиции",
  "username": "trader_nt",
  "description": "Авторский канал @stanislav_stanishevskii  об инвестициях, трейдинге и экономике. Материалы готовлю я и управляющий из моей проп команды.\n\nОбо мне на сайте ⬇️                                                               \n🔸https://trader-nt.ru/obo-mne/",
  "members_count": 6701,
  "count": 2707,
  "tags": [],
  "out_id": 39
},
{
  "_id": {
    "$oid": "643795334c301fa7087f1e44"
  },
  "tg_id": {
    "$numberLong": "-1001117457206"
  },
  "is_active": 1,
  "title": "Ленивый инвестор",
  "username": "smfanton",
  "description": "Вышел на пенсию за счет активов. Публично инвестирую 3 000 000 рублей. 7 лет назад уволился с офиса, веду блог smfanton.ru и путешествую. Позади 25 стран. Обо мне: https://taplink.cc/lenivy.investor\n\n☎️ Для связи @AntonVesna",
  "members_count": 73905,
  "count": 2624,
  "tags": [],
  "out_id": 40
},
{
  "_id": {
    "$oid": "643795344c301fa7087f1e45"
  },
  "tg_id": {
    "$numberLong": "-1001074798115"
  },
  "is_active": 1,
  "title": "Truevalue",
  "username": "truevalue",
  "description": "Виктор Тунёв. Избранное о макроэкономике и MMT, фондовом рынке и управлении инвестиционным портфелем\n\nОбратная связь t.me/truevaluator",
  "members_count": 6509,
  "count": 1097,
  "tags": [],
  "out_id": 41
},
{
  "_id": {
    "$oid": "6437953c4c301fa7087f1e46"
  },
  "tg_id": {
    "$numberLong": "-1001407759280"
  },
  "is_active": 1,
  "title": "Finam Premium",
  "username": "FinamPrem",
  "description": "Finam Premium (группа компаний \"ФИНАМ\") – это премиальная аналитика, стратегии, еврооблигации\n\nПодписка на аналитику для не клиентов:\n✅ https://dist.finam.ru/course/view/406\n\nОбратная связь\npremium_analytics@corp.finam.ru\n\nhttps://broker.finam.ru",
  "members_count": 3208,
  "count": 1035,
  "tags": [
    "analytics"
  ],
  "out_id": 42
},
{
  "_id": {
    "$oid": "6437953d4c301fa7087f1e47"
  },
  "tg_id": {
    "$numberLong": "-1001373438627"
  },
  "is_active": 1,
  "title": "Pravda Invest",
  "username": "PravdaInvest",
  "description": "📊 канал для думающих инвесторов\n\n🏛 не транслируем новости, объясняем как заработать на акциях 🇷🇺\\🇺🇸 и облигациях\n\n💼Доступ к портфелям: @PravdaInvestPRO_bot\n\n🗣Реклама и PR: @Mary_Sin",
  "members_count": 13394,
  "count": 2288,
  "tags": [],
  "out_id": 43
},
{
  "_id": {
    "$oid": "6437953f4c301fa7087f1e48"
  },
  "tg_id": {
    "$numberLong": "-1001389951277"
  },
  "is_active": 1,
  "title": "Дмитрий Абраменко | Южный Капитал",
  "username": "scapitalrussia",
  "description": "www.южный-капитал.рф\nwww.portal.южный-капитал.рф\n\nДополнительный полезный контент здесь - https://taplink.cc/abramenkotrade\n\n@scapital_group - орг.вопросы",
  "members_count": 12922,
  "count": 8240,
  "tags": [],
  "out_id": 44
},
{
  "_id": {
    "$oid": "643795414c301fa7087f1e49"
  },
  "tg_id": {
    "$numberLong": "-1001307167455"
  },
  "is_active": 1,
  "title": "Zakharov Invest",
  "username": "risk_zakharov",
  "description": "Риск-менеджер в банке 🏦 \nМагистр количественнных финансов Fordham University 🇺🇸\n\nYouTube https://www.youtube.com/c/ZakharovInvest\n\nКонтакты: @Thinker13\n\nНет инвест рекомендаций.",
  "members_count": 2071,
  "count": 2604,
  "tags": [],
  "out_id": 45
},
{
  "_id": {
    "$oid": "643795474c301fa7087f1e4a"
  },
  "tg_id": {
    "$numberLong": "-1001219163682"
  },
  "is_active": 1,
  "title": "Private.investor",
  "username": "private_investor",
  "description": "Авторский блог частного инвестора с 11-летним опытом на Мосбирже и капиталом 50 млн руб.\nСвязь: @petrov_aleks",
  "members_count": 8278,
  "count": 3958,
  "tags": [],
  "out_id": 46
},
{
  "_id": {
    "$oid": "643795484c301fa7087f1e4b"
  },
  "tg_id": {
    "$numberLong": "-1001564218803"
  },
  "is_active": 1,
  "title": "War, Wealth & Wisdom",
  "username": "warwisdom",
  "description": "Канал об инвестициях в условиях турбулентности. \nАвторы: \nАлексей Третьяков, основатель \nСергей Перминов, главный экономист \nУК Арикапитал.",
  "members_count": 7010,
  "count": 670,
  "tags": [],
  "out_id": 47
},
{
  "_id": {
    "$oid": "643795494c301fa7087f1e4c"
  },
  "tg_id": {
    "$numberLong": "-1001439794385"
  },
  "is_active": 1,
  "title": "ИнвестократЪ | Георгий Аведиков",
  "username": "investokrat",
  "description": "Финансы, инвестиции, аналитика.\n\nАвтор: @AvedikovG",
  "members_count": 21691,
  "count": 1275,
  "tags": [],
  "out_id": 48
},
{
  "_id": {
    "$oid": "6437954a4c301fa7087f1e4d"
  },
  "tg_id": {
    "$numberLong": "-1001190535599"
  },
  "is_active": 1,
  "title": "Инвест-будка",
  "username": "invest_budka",
  "description": "Дневничок собаки-инвестора. Сделки и мысли по рынку.\n\nПо личным вопросам пишите собаке лично: \n@lucky_the_dog",
  "members_count": 1034,
  "count": 636,
  "tags": [],
  "out_id": 49
},
{
  "_id": {
    "$oid": "643795534c301fa7087f1e4f"
  },
  "tg_id": {
    "$numberLong": "-1001344086554"
  },
  "is_active": 1,
  "title": "Тинькофф Инвестиции",
  "username": "tinkoff_invest_official",
  "description": "Официальный канал Тинькофф. \n\nПредложения, вопросы: editors_wealth@tinkoff.ru",
  "members_count": 402155,
  "count": 4877,
  "tags": [
    "analytics"
  ],
  "out_id": 50,
  "keywords": [
    "аналитик",
    "#идея",
    "горизонт",
    "потенциал",
    "#взлетыпадения"
  ]
},
{
  "_id": {
    "$oid": "643795544c301fa7087f1e50"
  },
  "tg_id": {
    "$numberLong": "-1001444096620"
  },
  "is_active": 1,
  "title": "InveStory",
  "username": "investorylife",
  "description": "💰Здесь наши закрытые клубы по спекуляциям и инвестициям:\n@investoryprivate_bot\n\nhttps://investory-online.ru/\n\nInveStory - проект Максима Пасканова и Владислава Решетняка о финансовых и инвестиционных рынках.\n\nПо рекламе: @investory_support",
  "members_count": 22535,
  "count": 3034,
  "tags": [],
  "out_id": 51
},
{
  "_id": {
    "$oid": "643795564c301fa7087f1e51"
  },
  "tg_id": {
    "$numberLong": "-1001301503307"
  },
  "is_active": 1,
  "title": "Aromath",
  "username": "AROMATH",
  "description": "Канал Управляющего фондом\nОпиф рфи Аромат Наши акции\nАнтона Ромашова.\n\nТрейдер с 12-летним опытом, \nавтор термина \"Фундаментальный психотрейдинг\"\n____________________\nСвязь только тут:\n@Aromath_fdb_bot",
  "members_count": 9975,
  "count": 6811,
  "tags": [],
  "out_id": 52
},
{
  "_id": {
    "$oid": "6437955c4c301fa7087f1e52"
  },
  "tg_id": {
    "$numberLong": "-1001707166728"
  },
  "is_active": 1,
  "title": "RAZB0RKA",
  "username": "razb0rka",
  "description": "Разборка отчетов компаний и статистики",
  "members_count": 3233,
  "count": 1999,
  "tags": [],
  "out_id": 53
},
{
  "_id": {
    "$oid": "643795604c301fa7087f1e55"
  },
  "tg_id": {
    "$numberLong": "-1001451297852"
  },
  "is_active": 1,
  "title": "PRO Деньги и Рынки √",
  "username": "zabfin",
  "description": "Полезный канал по экономике, финансам и инвестициям\n\nКупить рекламу на канале можно тут - https://telega.in/c/zabfin\n\nКонтакт автора канала - https://t.me/zhuravlev_prodengi\n\nВся информация на канале не является рекомендацией",
  "members_count": 21182,
  "count": 2089,
  "tags": [],
  "out_id": 54
},
{
  "_id": {
    "$oid": "643795684c301fa7087f1e56"
  },
  "tg_id": {
    "$numberLong": "-1001113146039"
  },
  "is_active": 1,
  "title": "FREEDOM FINANCE OFFICIAL",
  "username": "FREEDOMFINANCE",
  "description": "Официальные новости и анонсы,  инвестиционные идеи, сделки IPO, рекомендации на рынках США, России и других стран.\n\nОфициальный дзен-канал https://dzen.ru/ffinglobal",
  "members_count": 28621,
  "count": 3218,
  "tags": [
    "analytics"
  ],
  "out_id": 55
},
{
  "_id": {
    "$oid": "6437956b4c301fa7087f1e58"
  },
  "tg_id": {
    "$numberLong": "-1001498653424"
  },
  "is_active": 1,
  "title": "Сам ты инвестор!",
  "username": "selfinvestor",
  "description": "Рассказываем о фондовом рынке и личных финансах. Официальный канал сервиса РБК Инвестиции для тех, кто заботится о своих деньгах.\n\nРеклама на канале: reklama@rbc.ru",
  "members_count": 91406,
  "count": 11433,
  "tags": [],
  "out_id": 56
},
{
  "_id": {
    "$oid": "6437956c4c301fa7087f1e59"
  },
  "tg_id": {
    "$numberLong": "-1001479479599"
  },
  "is_active": 1,
  "title": "Открытие Инвестиции",
  "username": "open_invest",
  "description": "Об инвестициях и личных финансах. Официальный канал «Открытие Инвестиции»\n\nМоб. приложение: https://clc.to/7y9NeQ\n\nНашли ошибку в посте? Напишите на @Open_Investor\n\nТехподдержка: чат в моб. приложении, clients@open.ru, 8-800-500-99-66, 8-495-232-99-66",
  "members_count": 49818,
  "count": 4862,
  "tags": [
    "analytics"
  ],
  "out_id": 57,
  "keywords": [
    "бумаг",
    "аналитик",
    "рекоменд",
    "целев",
    "цель",
    "потенциал"
  ]
},
{
  "_id": {
    "$oid": "643795744c301fa7087f1e5a"
  },
  "tg_id": {
    "$numberLong": "-1001283764331"
  },
  "is_active": 1,
  "title": "Аналитика От Чехова",
  "username": "antonchehovanalitk",
  "description": "Автор не несет ответственность за действия подписанных. Все решения принимать самостоятельно \nПо всем вопросам обращаться к главному создателю канала - @antonchehov5\n\nПосты не являются индивидуальной инвестиционной рекомендацией!",
  "members_count": 36883,
  "count": 18037,
  "tags": [],
  "out_id": 58
},
{
  "_id": {
    "$oid": "643795754c301fa7087f1e5b"
  },
  "tg_id": {
    "$numberLong": "-1001155666448"
  },
  "is_active": 1,
  "title": "Сигналы Atlant'a",
  "username": "atlant_signals",
  "description": "Инвестиции на фондовом рынке",
  "members_count": 6415,
  "count": 616,
  "tags": [],
  "out_id": 59
},
{
  "_id": {
    "$oid": "643795784c301fa7087f1e5d"
  },
  "tg_id": {
    "$numberLong": "-1001351877991"
  },
  "is_active": 1,
  "title": "Дивиденды онлайн",
  "username": "divonline",
  "description": "Дивиденды — это часть прибыли, которую акционеры получают от компании. Хотите знать кто, когда и сколько вам заплатит? Тогда вам к нам!\n\nПо вопросам PR: @juliia72",
  "members_count": 65768,
  "count": 1830,
  "tags": [
    "urgent"
  ],
  "out_id": 60
},
{
  "_id": {
    "$oid": "6437957f4c301fa7087f1e5e"
  },
  "tg_id": {
    "$numberLong": "-1001283681747"
  },
  "is_active": 1,
  "title": "Finrange.com | инвестиции в акции",
  "username": "finrangecom",
  "description": "Независимая аналитика по акциям от основателя сервиса по анализу акций для частных инвесторов: finrange.com \n\nПо всем вопросам: @Investor_72\nГруппа VK: https://vk.com/finrangecom",
  "members_count": 27791,
  "count": 2252,
  "tags": [],
  "out_id": 61
},
{
  "_id": {
    "$oid": "643795804c301fa7087f1e5f"
  },
  "tg_id": {
    "$numberLong": "-1001778238344"
  },
  "is_active": 1,
  "title": "INVESTR_RU",
  "username": "INVESTR_RU",
  "description": "Приветствуем вас на канале о фондовом рынке! \n\nВся важная информация находится в закреплённых сообщениях.\n\nСотрудничество: @managerr_investrr",
  "members_count": 3246,
  "count": 4232,
  "tags": [],
  "out_id": 62
},
{
  "_id": {
    "$oid": "643795814c301fa7087f1e60"
  },
  "tg_id": {
    "$numberLong": "-1001417953833"
  },
  "is_active": 1,
  "title": "FintechMe Analytics",
  "username": "FTMTrends",
  "description": "🦉Онлайн аналитика, модельные портфели, рекомендации. \n💻Робо-эдвайзер: https://bot-adviser.ru\n\nНаши проекты:\n@SowaSignals - торговые сигналы\n@SowaInvests - статьи\n@fin_techme - авторский канал FintechMe\n\nДля связи: @gistrader",
  "members_count": 2426,
  "count": 12259,
  "tags": [],
  "out_id": 63
},
{
  "_id": {
    "$oid": "643795824c301fa7087f1e61"
  },
  "tg_id": {
    "$numberLong": "-1001001029560"
  },
  "is_active": 1,
  "title": "БКС Экспресс",
  "username": "bcs_express",
  "description": "Официальный канал издания БКС Экспресс. Все об инвестициях: новости, аналитика, идеи и рекомендации. \n\n💻 Сайт: bcs-express.ru \n\n📱 Мобильное приложение БКС: https://s.bcs.ru/8mwl \n\n✉️ Для связи: @dnslllrnv",
  "members_count": 46234,
  "count": 15502,
  "tags": [
    "analytics"
  ],
  "out_id": 64,
  "keywords": [
    "аналитик",
    "прогноз",
    "эксперт",
    "цель",
    "рекоменд",
    "analitika",
    "Взгляд БКС"
  ]
},
{
  "_id": {
    "$oid": "6437958a4c301fa7087f1e62"
  },
  "tg_id": {
    "$numberLong": "-1001826737118"
  },
  "is_active": 1,
  "title": "Роман Андреев: Официальный канал",
  "username": "romanandreev_trader",
  "description": "",
  "members_count": 3815,
  "count": 1547,
  "tags": [],
  "out_id": 65
},
{
  "_id": {
    "$oid": "6437958b4c301fa7087f1e63"
  },
  "tg_id": {
    "$numberLong": "-1001540990243"
  },
  "is_active": 1,
  "title": "Аналитика Тинькофф Инвестиций",
  "username": "tinkoff_analytics_official",
  "description": "Обзоры, инвестидеи и комментарии от аналитиков Тинькофф Инвестиций\nhttps://www.tinkoff.ru/invest/\n\nОбратная связь: @editor_invest_bot",
  "members_count": 70427,
  "count": 907,
  "tags": [
    "analytics"
  ],
  "out_id": 66,
  "keywords": [
    "таргет",
    "потенциал",
    "#идея",
    "подробнее"
  ]
},
{
  "_id": {
    "$oid": "6437958c4c301fa7087f1e64"
  },
  "tg_id": {
    "$numberLong": "-1001168461049"
  },
  "is_active": 1,
  "title": "Invest Heroes",
  "username": "InvestHeroes",
  "description": "Путь от Телеграм-канала до инвестиционной компании!\n\nНаш сайт: \nhttps://invest-heroes.ru\n\nСотрудничество: @Beintresting\n\nДисклеймер! Информация на канале НЕ является индивидуальной инвестиционной рекомендацией",
  "members_count": 56061,
  "count": 4149,
  "tags": [],
  "out_id": 67
},
{
  "_id": {
    "$oid": "6437958d4c301fa7087f1e65"
  },
  "tg_id": {
    "$numberLong": "-1001351339368"
  },
  "is_active": 1,
  "title": "Мои Инвестиции",
  "username": "omyinvestments",
  "description": "Инвестидеи, обзоры рынка и многое другое от лучших \nаналитиков рынка\n\n🤖 Наш бот: @My_invest1bot\n🎙 Наш подкаст: https://myinvestments.mave.digital\n\n❗️Канал не покупает и не продает рекламу. Запрещен мат и спам.",
  "members_count": 342757,
  "count": 2193,
  "tags": [],
  "out_id": 68
},
{
  "_id": {
    "$oid": "643795954c301fa7087f1e66"
  },
  "tg_id": {
    "$numberLong": "-1001191068828"
  },
  "is_active": 1,
  "title": "Trader.MOEX",
  "username": "traderMOEX",
  "description": "Канал о психологии поведения толпы.\n\nПо вопросам, сюда - @Zigzagendroid\n\nО канале, здесь - https://t.me/traderMOEX/178",
  "members_count": 8121,
  "count": 2096,
  "tags": [],
  "out_id": 69
},
{
  "_id": {
    "$oid": "643795964c301fa7087f1e67"
  },
  "tg_id": {
    "$numberLong": "-1001111651982"
  },
  "is_active": 1,
  "title": "Инвестируй или проиграешь | Юрий Козлов",
  "username": "invest_or_lost",
  "description": "Актуальные и наиболее интересные инвестиционные идеи на российском фондовом рынке, о которых завтра будут говорить уже все!\n\nС предложениями по рекламе: @The_best_to_invest",
  "members_count": 20007,
  "count": 5223,
  "tags": [],
  "out_id": 70
},
{
  "_id": {
    "$oid": "643795974c301fa7087f1e68"
  },
  "tg_id": {
    "$numberLong": "-1001744962971"
  },
  "is_active": 1,
  "title": "TrekInvest",
  "username": "trekinvest",
  "description": "Только нужное и важное от команды профессионалов. Инвестиции. Валютный рынок. Акции. Дивиденды. Недвижимость.                \nРеклама: http://telega.in/c/trekinvest, trekinvest@rambler.ru, @trekinvest_admin",
  "members_count": 5211,
  "count": 257,
  "tags": [],
  "out_id": 71
},
{
  "_id": {
    "$oid": "643795994c301fa7087f1e69"
  },
  "tg_id": {
    "$numberLong": "-1001537308017"
  },
  "is_active": 1,
  "title": "Точка спокойствия",
  "username": "invest_fynbos",
  "description": "Для сотрудничества пишите сюда:\n@To4ka_Spokoistvia\n\nСоциальные сети:\nТелеграм https://t.me/invest_fynbos\nВК - https://vk.com/thepointofcalm\nДзен - https://dzen.ru/to4ka_spokoistvia",
  "members_count": 749,
  "count": 231,
  "tags": [],
  "out_id": 72
},
{
  "_id": {
    "$oid": "643795a04c301fa7087f1e6a"
  },
  "tg_id": {
    "$numberLong": "-1001434446385"
  },
  "is_active": 1,
  "title": "Открытый инвестор 🚀",
  "username": "openinvestor",
  "description": "- это личные финансы, торговые идеи, ключевые события, информация по дивидендам\n\nДругие ресурсы\n\n✅ @openinvestorFA - шпаргалка по триггерам роста/снижения компаний РФ\n\nВопросы/реклама - @SemAlexey",
  "members_count": 5839,
  "count": 3157,
  "tags": [],
  "out_id": 73
},
{
  "_id": {
    "$oid": "643795a24c301fa7087f1e6b"
  },
  "tg_id": {
    "$numberLong": "-1001823599276"
  },
  "is_active": 1,
  "title": "Трейдер в очках",
  "username": "rynok_znania",
  "description": "Технический анализ ценных бумаг и других активов российского фондового рынка. \nРеклама/предложения: @elvtar\nАвтор: @tarasovmark\n\nКупить рекламу через telega.in: https://telega.in/c/rynok_znania\n\nМатериалы не являются инвестиционными рекомендациями.",
  "members_count": 5447,
  "count": 2941,
  "tags": [],
  "out_id": 74
},
{
  "_id": {
    "$oid": "643795a34c301fa7087f1e6c"
  },
  "tg_id": {
    "$numberLong": "-1001345338250"
  },
  "is_active": 1,
  "title": "Invest Era",
  "username": "usamarke1",
  "description": "Авторский канал финансового аналитика  - Артёма Николаева\n\nНовости, акции, дивиденды, как заработать в условиях экономической нестабильности\n\nСоздали базу из 500+ фундаментальных разборов компаний \n\nСотр-во: @gazeptric \n\nО нас https://taplink.cc/investera",
  "members_count": 61953,
  "count": 3886,
  "tags": [],
  "out_id": 75
},
{
  "_id": {
    "$oid": "643795a44c301fa7087f1e6d"
  },
  "tg_id": {
    "$numberLong": "-1001458669532"
  },
  "is_active": 1,
  "title": "GBE TRADE",
  "username": "GBEanalytix",
  "description": "🇺🇸🇷🇺Спекуляции и Среднесрок по рынкам РФ и США \n\nОбратная связь - @icevanillla\n\nСреднесрочный канал — https://t.me/gbetrade\n\nP.S. Не является индивидуальной инвестиционной рекомендацией",
  "members_count": 6335,
  "count": 6869,
  "tags": [],
  "out_id": 76
},
{
  "_id": {
    "$oid": "643795ab4c301fa7087f1e6e"
  },
  "tg_id": {
    "$numberLong": "-1001131897537"
  },
  "is_active": 1,
  "title": "ИнвестТема | Литвинов Владимир",
  "username": "particular_trader",
  "description": "Канал об инвестициях на финансовых рынках\n\nДля связи: @Trader_31",
  "members_count": 34943,
  "count": 2018,
  "tags": [],
  "out_id": 77
},
{
  "_id": {
    "$oid": "643795ac4c301fa7087f1e6f"
  },
  "tg_id": {
    "$numberLong": "-1001219256968"
  },
  "is_active": 1,
  "title": "Тимофей Мартынов",
  "username": "martynovtim",
  "description": "Инвестируем в акции и анализируем компании. \nЯ 19 лет на бирже. 13 последних лет торгую и инвестирую в плюс. Основатель smart-lab.ru. Автор книги \"Механизм Трейдинга\". \n\nНовости рынка: https://t.me/newssmartlab\nСвязь: @nikitushkapr",
  "members_count": 20755,
  "count": 3493,
  "tags": [],
  "out_id": 78
},
{
  "_id": {
    "$oid": "643795ad4c301fa7087f1e70"
  },
  "tg_id": {
    "$numberLong": "-1001595771315"
  },
  "is_active": 1,
  "title": "Vadya93",
  "username": "vadya93_official",
  "description": "Сделал +5 420% к депозиту за 2 года.\nМожете ознакомиться с моей стратегией: \nhttps://vadya93.ru/start\n\nЯ в Пульсе:\nhttps://www.tinkoff.ru/invest/social/profile/vadya93?utm_source=share\n\nМенеджер Андрей (по вопросам обучения) — @killadeldilla",
  "members_count": 22090,
  "count": 852,
  "tags": [],
  "out_id": 79
},
{
  "_id": {
    "$oid": "643afe005653ee0752977390"
  },
  "tg_id": {
    "$numberLong": "-1001404193956"
  },
  "is_active": 1,
  "title": "МКБ Инвестиции",
  "username": "mkb_investments",
  "description": "Аналитика, инвестидеи и новости из мира инвестиций \n\nПо всем вопросам: support@mkb-invest.ru",
  "members_count": 3849,
  "count": 2408,
  "tags": [
    "analytics"
  ],
  "out_id": 80
},
{
  "_id": {
    "$oid": "650f7965a8771f5ab3cbf99e"
  },
  "tg_id": {
    "$numberLong": "-1001642909090"
  },
  "is_active": 1,
  "title": "ВИП канал",
  "username": "chekhov_vip",
  "description": "",
  "members_count": 1901,
  "count": 5718,
  "tags": [
    "urgent"
  ],
  "out_id": 81
}]